{"training_loss": 0.565702497959137, "training_accuracy": 79.46595149253731, "validation_loss": 0.5483629107475281, "validation_accuracy": 80.1453025477707, "_timestamp": 1719470687.4358468, "_runtime": 89.1437919139862, "_step": 4}