{"training_loss": 0.386200487613678, "training_accuracy": 85.81589818763327, "validation_loss": 0.37569016218185425, "validation_accuracy": 86.38535031847134, "_timestamp": 1719485498.92123, "_runtime": 36.594491958618164, "_step": 1}