{"training_loss": 2.307007074356079, "training_accuracy": 10.032982409381663, "validation_loss": 2.304403305053711, "validation_accuracy": 9.952229299363058, "_timestamp": 1719484368.2099304, "_runtime": 18.98058843612671, "_step": 0}