{"training_loss": 0.09470850974321365, "training_accuracy": 97.12323177366703, "test_loss": 0.07808425277471542, "test_accuracy": 97.47213375796179, "_timestamp": 1719997334.796506, "_runtime": 161.8731529712677, "_step": 4}