{"training_loss": 0.3643985986709595, "training_accuracy": 86.97694562899787, "validation_loss": 0.36417174339294434, "validation_accuracy": 87.03224522292993, "_timestamp": 1719485652.4725096, "_runtime": 31.126364707946777, "_step": 1}