{"training_loss": 0.5452716946601868, "training_accuracy": 80.36047441364606, "validation_loss": 0.5309805274009705, "validation_accuracy": 80.75238853503184, "_timestamp": 1719471008.051883, "_runtime": 69.13147401809692, "_step": 4}