{"training_loss": 1.470330834388733, "training_accuracy": 47.16817697228145, "validation_loss": 0.71977698802948, "validation_accuracy": 74.42277070063695, "_timestamp": 1719546750.4321065, "_runtime": 20.887430429458618, "_step": 0}