{"training_loss": 0.3675847351551056, "training_accuracy": 86.55217217484008, "validation_loss": 0.38233068585395813, "validation_accuracy": 86.02707006369427, "_timestamp": 1719482859.9729908, "_runtime": 42.980363845825195, "_step": 2}