{"training_loss": 0.41945919394493103, "training_accuracy": 84.79810767590618, "validation_loss": 0.42225074768066406, "validation_accuracy": 85.06170382165605, "_timestamp": 1719471797.575762, "_runtime": 85.65521693229675, "_step": 1}